substrate,indication,cell,n_tested,n_sig_padj,frac_sig_padj,n_sig_padj_lfc,n_sig_svalue_lfc,n_up_gated,n_down_gated,median_abs_lfc,median_baseMean
recount3,brca,A,30747,22798,0.7415,14246,11441,10039,4207,0.5819,19944.1
recount3,brca,C,30847,27816,0.9017,19593,18567,11937,7656,0.872,19418.24
recount3,brca,Cr,30847,27725,0.8988,19235,17787,11399,7836,0.8309,20387.29
recount3,paad,A,29710,694,0.0234,392,343,241,151,0.0317,17053.87
recount3,paad,C,29880,26220,0.8775,18356,16932,9306,9050,0.869,12853.67
recount3,paad,Cr,29879,23854,0.7984,16595,13952,8332,8263,0.7542,13090.21
xena-toil,brca,A,21850,17875,0.8181,10140,8358,6617,3523,0.5403,704.24
xena-toil,brca,C,21759,19659,0.9035,13444,12460,8010,5434,0.8011,667.09
xena-toil,brca,Cr,21759,19668,0.9039,13851,12831,8194,5657,0.839,678.26
xena-toil,paad,A,21387,563,0.0263,497,211,268,229,0.0607,557.63
xena-toil,paad,C,20970,18605,0.8872,12402,11458,7320,5082,0.773,385.36
xena-toil,paad,Cr,20970,17870,0.8522,12561,10377,4664,7897,0.7668,387.48
